<?xml version="1.0" encoding="UTF-8"?>
<configuration>

    <appender name="CONSOLE_APPENDER" class="ch.qos.logback.core.ConsoleAppender">
        <encoder>
            <pattern>%d %level %logger - %msg%n</pattern>
        </encoder>
    </appender>

    <logger name="org.hibernate.SQL" additivity="false" >
        <level value="INFO" />
        <appender-ref ref="CONSOLE_APPENDER"/>
    </logger>

    <logger name="org.hibernate.type" additivity="false" >
        <level value="TRACE" />
        <appender-ref ref="CONSOLE_APPENDER" />
    </logger>

    <!-- By default, the level of the root level is set to INFO -->
    <root level="INFO">
        <appender-ref ref="CONSOLE_APPENDER" />
    </root>
</configuration>